"SNP","phecode","cases","controls","odds_ratio","P","L95","U95"
"10:102469301:C:CA",476,1053,388552,0.9474321065017983,0.22,0.8691496144578243,1.032765339245275
"10:102654464:A:G",185,5988,169004,0.9603898799621072,0.0569048649184679,0.9212537950769771,1.0011885177162958
"10:102869116:A:G",295.1,574,363984,0.9050006893140669,0.112351222962655,0.8000789774561068,1.023681749848088
"11:61008737:C:T",555,4460,333378,0.9952410263276587,0.834886814852928,0.951584252860562,1.0409006848402236
"11:61008737:C:T",555.1,1737,333378,1.0282179678189807,0.441421145467771,0.9578879770496525,1.1037117227445816
"11:61026179:C:G",335,1340,393432,1.1225305966570645,0.00376661361026225,1.0380944430753405,1.2138345878225787
"12:56076841:C:T",250.1,2761,387082,0.9212610878911262,0.00295660091234089,0.8727608149859932,0.9724565739995583
"12:56344189:A:G",696.4,2198,396507,0.7906414812700548,0.000111184955577332,0.7018441587772701,0.8906734409444392